frame,2d,2dstd,3d,3dstd
-0.6283185307179586,1.0,0.0,1.0,0.0
-0.625800219973598,1.0,0.0,1.0,0.0
-0.6232819092292375,1.0,0.0,1.0,0.0
-0.6207635984848769,1.0,0.0,1.0,0.0
-0.6182452877405163,1.0,0.0,1.0,0.0
-0.6157269769961559,1.0,0.0,1.0,0.0
-0.6132086662517953,1.0,0.0,1.0,0.0
-0.6106903555074348,1.0,0.0,1.0,0.0
-0.6081720447630742,1.0,0.0,1.0,0.0
-0.6056537340187136,1.0,0.0,1.0,0.0
-0.6031354232743531,1.0,0.0,1.0,0.0
-0.6006171125299925,1.0,0.0,1.0,0.0
-0.5980988017856319,1.0,0.0,1.0,0.0
-0.5955804910412714,1.0,0.0,1.0,0.0
-0.5930621802969108,1.0,0.0,1.0,0.0
-0.5905438695525503,1.0,0.0,1.0,0.0
-0.5880255588081897,1.0,0.0,1.0,0.0
-0.5855072480638291,1.0,0.0,1.0,0.0
-0.5829889373194687,1.0,0.0,1.0,0.0
-0.5804706265751081,1.0,0.0,1.0,0.0
-0.5779523158307475,1.0,0.0,1.0,0.0
-0.575434005086387,1.0,0.0,1.0,0.0
-0.5729156943420264,1.0,0.0,1.0,0.0
-0.5703973835976659,1.0,0.0,1.0,0.0
-0.5678790728533053,1.0,0.0,1.0,0.0
-0.5653607621089447,1.0,0.0,1.0,0.0
-0.5628424513645842,1.0,0.0,1.0,0.0
-0.5603241406202236,1.0,0.0,1.0,0.0
-0.557805829875863,1.0,0.0,1.0,0.0
-0.5552875191315025,1.0,0.0,1.0,0.0
-0.5527692083871419,1.0,0.0,1.0,0.0
-0.5502508976427813,1.0,0.0,1.0,0.0
-0.5477325868984209,1.0,0.0,1.0,0.0
-0.5452142761540603,1.0,0.0,1.0,0.0
-0.5426959654096998,1.0,0.0,1.0,0.0
-0.5401776546653392,1.0,0.0,1.0,0.0
-0.5376593439209786,1.0,0.0,1.0,0.0
-0.5351410331766181,1.0,0.0,1.0,0.0
-0.5326227224322575,1.0,0.0,1.0,0.0
-0.530104411687897,1.0,0.0,1.0,0.0
-0.5275861009435364,1.0,0.0,1.0,0.0
-0.5250677901991758,1.0,0.0,1.0,0.0
-0.5225494794548153,1.0,0.0,1.0,0.0
-0.5200311687104547,1.0,0.0,1.0,0.0
-0.5175128579660941,1.0,0.0,1.0,0.0
-0.5149945472217337,1.0,0.0,1.0,0.0
-0.5124762364773731,1.0,0.0,1.0,0.0
-0.5099579257330125,1.0,0.0,1.0,0.0
-0.507439614988652,1.0,0.0,1.0,0.0
-0.5049213042442914,1.0,0.0,1.0,0.0
-0.5024029934999308,1.0,0.0,1.0,0.0
-0.4998846827555703,1.0,0.0,1.0,0.0
-0.4973663720112097,1.0,0.0,1.0,0.0
-0.4948480612668492,1.0,0.0,1.0,0.0
-0.4923297505224886,1.0,0.0,1.0,0.0
-0.4898114397781281,1.0,0.0,1.0,0.0
-0.48729312903376754,1.0,0.0,1.0,0.0
-0.48477481828940694,1.0,0.0,1.0,0.0
-0.4822565075450464,1.0,0.0,1.0,0.0
-0.47973819680068586,1.0,0.0,1.0,0.0
-0.47721988605632526,1.0,0.0,1.0,0.0
-0.4747015753119648,1.0,0.0,1.0,0.0
-0.4721832645676042,1.0,0.0,1.0,0.0
-0.46966495382324364,1.0,0.0,1.0,0.0
-0.4671466430788831,1.0,0.0,1.0,0.0
-0.4646283323345225,1.0,0.0,1.0,0.0
-0.46211002159016196,1.0,0.0,1.0,0.0
-0.4595917108458014,1.0,0.0,1.0,0.0
-0.4570734001014408,1.0,0.0,1.0,0.0
-0.4545550893570803,1.0,0.0,1.0,0.0
-0.45203677861271974,1.0,0.0,1.0,0.0
-0.44951846786835914,1.0,0.0,1.0,0.0
-0.44700015712399865,1.0,0.0,1.0,0.0
-0.44448184637963806,1.0,0.0,1.0,0.0
-0.4419635356352775,1.0,0.0,1.0,0.0
-0.439445224890917,1.0,0.0,1.0,0.0
-0.4369269141465564,1.0,0.0,1.0,0.0
-0.43440860340219584,1.0,0.0,1.0,0.0
-0.4318902926578353,1.0,0.0,1.0,0.0
-0.4293719819134747,1.0,0.0,1.0,0.0
-0.4268536711691142,1.0,0.0,1.0,0.0
-0.4243353604247536,1.0,0.0,1.0,0.0
-0.4218170496803931,1.0,0.0,1.0,0.0
-0.41929873893603253,1.0,0.0,1.0,0.0
-0.41678042819167194,1.0,0.0,1.0,0.0
-0.4142621174473114,1.0,0.0,1.0,0.0
-0.41174380670295085,1.0,0.0,1.0,0.0
-0.40922549595859026,1.0,0.0,1.0,0.0
-0.40670718521422977,1.0,0.0,1.0,0.0
-0.4041888744698692,1.0,0.0,1.0,0.0
-0.40167056372550863,1.0,0.0,1.0,0.0
-0.3991522529811481,1.0,0.0,1.0,0.0
-0.3966339422367875,1.0,0.0,1.0,0.0
-0.39411563149242695,1.0,0.0,1.0,0.0
-0.3915973207480664,1.0,0.0,1.0,0.0
-0.3890790100037058,1.0,0.0,1.0,0.0
-0.3865606992593453,1.0,0.0,1.0,0.0
-0.38404238851498473,1.0,0.0,1.0,0.0
-0.38152407777062414,1.0,0.0,1.0,0.0
-0.37900576702626365,1.0,0.0,1.0,0.0
-0.37648745628190305,1.0,0.0,1.0,0.0
-0.3739691455375425,1.0,0.0,1.0,0.0
-0.37145083479318197,1.0,0.0,1.0,0.0
-0.3689325240488214,1.0,0.0,1.0,0.0
-0.36641421330446083,1.0,0.0,1.0,0.0
-0.3638959025601003,1.0,0.0,1.0,0.0
-0.36137759181573975,1.0,0.0,1.0,0.0
-0.35885928107137915,1.0,0.0,1.0,0.0
-0.3563409703270186,1.0,0.0,1.0,0.0
-0.3538226595826581,1.0,0.0,1.0,0.0
-0.35130434883829753,1.0,0.0,1.0,0.0
-0.34878603809393693,1.0,0.0,1.0,0.0
-0.3462677273495764,1.0,0.0,1.0,0.0
-0.34374941660521585,1.0,0.0,1.0,0.0
-0.3412311058608553,1.0,0.0,1.0,0.0
-0.3387127951164947,1.0,0.0,1.0,0.0
-0.3361944843721342,1.0,0.0,1.0,0.0
-0.33367617362777363,1.0,0.0,1.0,0.0
-0.3311578628834131,1.0,0.0,1.0,0.0
-0.3286395521390525,1.0,0.0,1.0,0.0
-0.32612124139469195,1.0,0.0,1.0,0.0
-0.3236029306503314,1.0,0.0,1.0,0.0
-0.32108461990597087,1.0,0.0,1.0,0.0
-0.3185663091616103,1.0,0.0,1.0,0.0
-0.31604799841724973,1.0,0.0,1.0,0.0
-0.3135296876728892,1.0,0.0,1.0,0.0
-0.31101137692852865,1.0,0.0,0.9999988888888889,5.9835164523710135e-06
-0.30849306618416805,0.9999899999999997,1.753303759784196e-05,0.9998425925925917,7.650188051876113e-05
-0.3059747554398075,0.9997803703703704,8.533079342926932e-05,0.9995333333333327,0.00013590119867932146
-0.30345644469544697,0.9994785185185182,0.00012144308336244554,0.9991366666666661,0.00018244227905061058
-0.3009381339510864,0.9990425925925928,0.00017950740400683016,0.9986322222222226,0.0002219693005133255
-0.29841982320672583,0.9985262962962965,0.00021195704459093422,0.9980470370370369,0.00025482477370718465
-0.2959015124623653,0.9979370370370371,0.000238070663046835,0.9974074074074072,0.00031062572364833546
-0.29338320171800475,0.9972266666666669,0.00030458228833989614,0.9966922222222222,0.00035983706875387966
-0.29086489097364415,0.9964722222222225,0.00036254416504053773,0.9959374074074072,0.0004170095708342283
-0.2883465802292836,0.9956574074074069,0.0003777786855472001,0.9951040740740749,0.0004421001444502208
-0.28582826948492307,0.9948148148148149,0.00041740264218910505,0.9942240740740742,0.0004756808707624563
-0.28330995874056253,0.993916666666667,0.000455643622923786,0.9933048148148146,0.0004894835048384328
-0.28079164799620193,0.9929670370370369,0.0004651428678558256,0.9923240740740744,0.0005016030543593816
-0.2782733372518414,0.991942962962963,0.0005045042657736529,0.9912940740740737,0.0005272237507945992
-0.27575502650748085,0.9908351851851849,0.0005346594880628123,0.9902503703703706,0.0005836928933009096
-0.2732367157631203,0.9897544444444446,0.0005727656534981499,0.989094814814815,0.0005752489769304519
-0.2707184050187597,0.988623333333334,0.0006153479393154373,0.9879388888888883,0.0005805542264737574
-0.26820009427439917,0.9874751851851852,0.0006166528749430958,0.986798888888889,0.000615829261250507
-0.26568178353003863,0.9862674074074077,0.0006544430820166453,0.9855859259259259,0.000620055309714892
-0.2631634727856781,0.9850703703703703,0.0006925252492512266,0.984377037037037,0.000627077179262425
-0.2606451620413175,0.9838600000000001,0.0006918431278694929,0.9831514814814815,0.0006570070768566956
-0.25812685129695695,0.982595185185185,0.0006990921999121837,0.9819370370370368,0.0006757244753074199
-0.2556085405525964,0.9813759259259257,0.0006842501127038752,0.9806981481481483,0.0006894685932042785
-0.25309022980823587,0.9800988888888889,0.0007446674624485937,0.9794166666666666,0.0007313314426526113
-0.25057191906387527,0.9787977777777779,0.0007832947193004345,0.9781703703703709,0.0007488830274159733
-0.24805360831951473,0.9775144444444442,0.0008374424616313716,0.9768681481481482,0.0007696064588534314
-0.2455352975751542,0.9761851851851849,0.0008938764395391777,0.9755966666666666,0.000781009950775191
-0.24301698683079365,0.9749692592592591,0.0008676380279814,0.9743485185185183,0.0008257007665189026
-0.24049867608643305,0.973765925925926,0.0009073632642324003,0.973070740740741,0.0008492382611156121
-0.2379803653420725,0.9725018518518517,0.0009057479156443597,0.9718540740740739,0.0008629203613709617
-0.23546205459771197,0.9713381481481477,0.0009041544868421678,0.9706151851851849,0.000895974000823069
-0.23294374385335143,0.9701166666666665,0.0009201080183500716,0.969406666666667,0.0009319857997116719
-0.23042543310899083,0.9689500000000003,0.000966452722173999,0.9682759259259263,0.0009560467442698981
-0.2279071223646303,0.9678811111111113,0.00100038325988926,0.9671855555555554,0.0009908974607787486
-0.22538881162026975,0.9668648148148146,0.0010472699501191196,0.9661474074074077,0.001004446629517998
-0.22287050087590915,0.9659781481481478,0.0010672008050498433,0.9652411111111118,0.0010010247835513055
-0.2203521901315486,0.9651981481481486,0.0011124143591518388,0.9643914814814819,0.0010011544091156114
-0.21783387938718807,0.9646199999999999,0.0011040084093435329,0.9636674074074076,0.0009771207107629669
-0.21531556864282753,0.9640440740740737,0.0010783827371793138,0.963094814814815,0.000987463530954791
-0.21279725789846693,0.963488148148148,0.0011104032312979006,0.962566296296296,0.0009708147837292531
-0.2102789471541064,0.9629288888888895,0.0011017068687683446,0.9620581481481485,0.0009657410780866584
-0.20776063640974585,0.9624029629629626,0.0010700368569219769,0.9616133333333331,0.0009794152954633942
-0.2052423256653853,0.9619514814814815,0.0011726740689037547,0.9611707407407409,0.001061792425574259
-0.2027240149210247,0.9614788888888884,0.0011651572245944659,0.9606974074074071,0.0011091563669586354
-0.20020570417666417,0.9610340740740742,0.0011618628908907883,0.9602896296296298,0.00110154374777305
-0.19768739343230363,0.9606266666666667,0.0012156814884999674,0.9598974074074067,0.0011601109757236696
-0.19516908268794309,0.9601703703703702,0.0011867940468924586,0.9594825925925927,0.001213394664483478
-0.1926507719435825,0.9597892592592594,0.0012282962985298647,0.9590818518518516,0.0012168889813236616
-0.19013246119922195,0.9594114814814817,0.0011760801298718079,0.9587029629629629,0.0011735526356971406
-0.1876141504548614,0.9589837037037034,0.0011633523764168266,0.9583200000000001,0.0011565359089288896
-0.18509583971050086,0.9585744444444451,0.0011856867572929,0.9580333333333335,0.0011961563959017969
-0.18257752896614027,0.9582018518518515,0.0012216600839710602,0.9576777777777781,0.0012221515131061573
-0.18005921822177973,0.9578092592592592,0.0012095813761893572,0.9573233333333333,0.0011999120338128423
-0.17754090747741919,0.9575355555555559,0.0012343219261132612,0.9569700000000002,0.0012114683469061675
-0.17502259673305864,0.9571603703703703,0.001236970557095869,0.9566685185185185,0.0012365559610138098
-0.17250428598869805,0.9568333333333333,0.0012314399881620118,0.9563003703703706,0.0012645449525026243
-0.1699859752443375,0.9565722222222218,0.0012294357834710236,0.9559633333333333,0.001270268271461381
-0.16746766449997696,0.9562911111111108,0.0012324100648328212,0.9556625925925927,0.001252777928334825
-0.16494935375561642,0.9559881481481483,0.0012501783686181594,0.9553407407407408,0.001206963108437993
-0.16243104301125583,0.9557548148148153,0.001275169425790895,0.955057407407407,0.0012570298893268908
-0.15991273226689529,0.9554725925925929,0.001271672154522191,0.9547699999999998,0.00121126451627836
-0.15739442152253474,0.9552070370370368,0.0013108615058491666,0.9544818518518519,0.0012376616852710343
-0.1548761107781742,0.954975925925926,0.0012813864768893958,0.9542259259259257,0.0012310968488722421
-0.1523578000338136,0.9547433333333332,0.001244558030530526,0.9539348148148151,0.0011516377078538578
-0.14983948928945307,0.9544714814814815,0.0011935791295703674,0.953700740740741,0.0011885667037772189
-0.14732117854509252,0.9542092592592594,0.0012019431569494966,0.9534059259259253,0.0011669267199878822
-0.14480286780073193,0.9539096296296294,0.001158513782314844,0.9531822222222227,0.0011702822282796436
-0.14228455705637139,0.9536814814814819,0.0011172288370555174,0.952971851851852,0.0011296225864989879
-0.13976624631201084,0.9534318518518518,0.0011022749887807605,0.9527433333333329,0.0010558180960051043
-0.1372479355676503,0.953253703703704,0.0010738610899942186,0.9525422222222223,0.001047074702253271
-0.1347296248232897,0.9530685185185187,0.001102201625156019,0.9522837037037034,0.001018025739377772
-0.13221131407892917,0.9528055555555556,0.0009997684917204845,0.9520781481481482,0.000992815688029666
-0.12969300333456862,0.9525959259259262,0.00104601333440239,0.9518766666666667,0.0010106036577642217
-0.12717469259020808,0.952347777777778,0.0010615391806705818,0.9516955555555557,0.0010100873938476147
-0.12465638184584749,0.9521711111111112,0.0010452739023166092,0.9514396296296297,0.0010391698306339904
-0.122138071101487,0.9519537037037035,0.001000169052925922,0.9512729629629633,0.0010050599692745367
-0.1196197603571264,0.951776296296296,0.0010129926869496396,0.9510781481481483,0.0010453324961153974
-0.1171014496127658,0.9516159259259263,0.001091326384938828,0.9509096296296298,0.0010717730140706043
-0.11458313886840532,0.9513544444444446,0.001171402557030367,0.9507796296296295,0.001078850490728123
-0.11206482812404472,0.9511714814814816,0.0011341017124145024,0.9506314814814812,0.0011161481506061389
-0.10954651737968413,0.9509855555555558,0.0011392227153027331,0.9504807407407406,0.0011099547068701308
-0.10702820663532364,0.9508259259259257,0.001096917991890359,0.9503411111111112,0.0011369881157288519
-0.10450989589096304,0.9506177777777773,0.0011249823043875792,0.9502088888888889,0.0011799853524933157
-0.10199158514660256,0.9504685185185183,0.0011323019393058695,0.9499977777777777,0.0011689374725856031
-0.09947327440224196,0.9503544444444445,0.0011356452454251637,0.9498633333333327,0.0011729044881283446
-0.09695496365788137,0.9501870370370364,0.0010803599588116723,0.9497285185185188,0.0011577069834520317
-0.09443665291352088,0.9501274074074074,0.0010930597871190494,0.9496151851851852,0.0011569773423212434
-0.09191834216916028,0.950024814814815,0.0010642166435796282,0.9495188888888886,0.0011570828582001993
-0.08940003142479969,0.9499062962962962,0.0010924645876052303,0.9493718518518514,0.001199474278987823
-0.0868817206804392,0.9497781481481483,0.0011270978915180663,0.9492714814814818,0.0012807748533468746
-0.0843634099360786,0.9496485185185177,0.0012130887127352605,0.949142222222222,0.001280025076914852
-0.08184509919171812,0.9495103703703701,0.001262181576462596,0.9490155555555556,0.0012754878030786757
-0.07932678844735752,0.94942,0.0012721984471335062,0.9489185185185185,0.0012868193261107537
-0.07680847770299692,0.9492474074074077,0.0012202507107074998,0.9488066666666662,0.0012725904367678839
-0.07429016695863644,0.9491607407407403,0.00119790535063541,0.9487885185185185,0.0012696374627011067
-0.07177185621427584,0.9490700000000002,0.0012139930034170997,0.9486988888888891,0.0012163439450223743
-0.06925354546991525,0.9489759259259262,0.001185738586077487,0.9486896296296297,0.0012524705900240427
-0.06673523472555476,0.9488988888888897,0.0011886650879697012,0.9485996296296295,0.0012584086996752651
-0.06421692398119416,0.9487540740740736,0.0011920060669513492,0.9485344444444445,0.0012553436399333035
-0.061698613236833566,0.9487340740740737,0.0012348436975892884,0.9484425925925929,0.001261383013055174
-0.05918030249247308,0.9486218518518519,0.0012604051975467062,0.9483614814814816,0.0012845127924059664
-0.056661991748112484,0.9485744444444445,0.0012614321666705277,0.9482344444444443,0.001299643350887532
-0.054143681003752,0.9485503703703703,0.0012670296209468248,0.9481862962962964,0.0012581673370466121
-0.0516253702593914,0.9485159259259263,0.0013482061953315268,0.9481048148148146,0.0012316461042849404
-0.049107059515030804,0.9484737037037035,0.0013777194830359683,0.9481059259259257,0.0012437456150703994
-0.04658874877067032,0.9484329629629629,0.001417862192231361,0.9480329629629629,0.0012925951926112027
-0.04407043802630972,0.9483577777777779,0.001447559035236157,0.9480229629629631,0.0012887417966300884
-0.041552127281949125,0.9483018518518517,0.0014459937085660542,0.9480777777777778,0.0012982609450651664
-0.03903381653758864,0.9482337037037039,0.0014116490177255622,0.948007037037037,0.0012650915591170698
-0.03651550579322804,0.9481792592592593,0.001365912870508831,0.9479748148148145,0.0012742008980806045
-0.03399719504886756,0.9481703703703704,0.001379187848730202,0.9478796296296297,0.0012783350904854835
-0.03147888430450696,0.9481148148148152,0.001425673859394483,0.947844814814815,0.001299003997476353
-0.028960573560146363,0.948044814814815,0.0014445740207787642,0.9478048148148144,0.0013622834960943936
-0.026442262815785877,0.9480022222222219,0.0014285259604757171,0.9478548148148144,0.0013581515316747263
-0.02392395207142528,0.9479044444444445,0.0013959394376477214,0.9478792592592594,0.0012996920601831665
-0.021405641327064684,0.9478429629629632,0.001415123293886389,0.9478592592592593,0.0012903610154017346
-0.018887330582704198,0.9478077777777776,0.0013944692339540707,0.9478929629629631,0.0013245403996229024
-0.0163690198383436,0.9478196296296293,0.0014108389452706775,0.9478488888888893,0.0013494964767426184
-0.013850709093983116,0.94774,0.0014097999157572435,0.9479188888888893,0.0013379461872586652
-0.011332398349622519,0.9477148148148153,0.0014640980125653516,0.9479703703703706,0.0012747930787739552
-0.008814087605261922,0.9476755555555556,0.001422706514767019,0.9479637037037039,0.0012535150030317898
-0.006295776860901436,0.9476981481481481,0.0014217565306244042,0.9479251851851853,0.0011974387389790265
-0.0037774661165408396,0.9477199999999999,0.0014073686154498014,0.9479222222222218,0.0012105299319097305
-0.0012591553721802429,0.947706296296296,0.0014078956755371338,0.9479355555555552,0.0011648218218007502
0.0012591553721802429,0.947717037037037,0.0013859100895823027,0.9479170370370368,0.0011794772272038477
0.0037774661165408396,0.947657407407407,0.0014580303624146225,0.9479348148148145,0.0012080993245806122
0.006295776860901325,0.9476796296296294,0.0014290521286092395,0.9479125925925924,0.0011880846477905105
0.008814087605261922,0.9476766666666666,0.0013943488236360746,0.947892592592593,0.0011617651297638693
0.011332398349622519,0.9477174074074074,0.0013754391242932144,0.9478774074074076,0.001125329337558487
0.013850709093983005,0.9477151851851855,0.0013656379245667915,0.9478914814814816,0.0011076118354604759
0.0163690198383436,0.9476888888888885,0.0014224652570124217,0.9479077777777778,0.001159821718952131
0.018887330582704198,0.9477170370370369,0.0014214689363119648,0.9479281481481481,0.001169677713458187
0.021405641327064684,0.9477200000000005,0.001320856437465876,0.9479714814814812,0.0011901920284020985
0.02392395207142528,0.9476937037037042,0.001305476540818816,0.9479540740740742,0.0011791771328186528
0.026442262815785877,0.9477825925925925,0.0013173788770221484,0.9480118518518517,0.0012170223844387472
0.028960573560146363,0.947814074074074,0.0013345547903103076,0.9480544444444449,0.0012237712406257613
0.03147888430450696,0.9478592592592593,0.0013058063851508353,0.9480888888888889,0.0012264069773423821
0.033997195048867446,0.9479300000000002,0.0013974142788259582,0.9480829629629627,0.0012600533443973842
0.03651550579322804,0.9480066666666663,0.0014105528204428424,0.9481207407407409,0.00125163180183013
0.03903381653758864,0.9480366666666664,0.0014105952687945905,0.9481374074074073,0.001265319242182186
0.041552127281949125,0.9480448148148152,0.0014672991995551177,0.9482029629629631,0.0012832313037310027
0.04407043802630972,0.9480911111111109,0.001435775696915036,0.9482255555555552,0.0013278224074321882
0.04658874877067032,0.9481451851851853,0.0013976286010407746,0.9482629629629634,0.0013439066366422072
0.049107059515030804,0.9482251851851848,0.0013875932722391066,0.9483207407407407,0.0012971914369678268
0.0516253702593914,0.948292962962963,0.0013775761003329413,0.9483414814814817,0.0013071627092380252
0.05414368100375189,0.9483188888888895,0.0013393940955558495,0.9483307407407411,0.0013638835960773329
0.056661991748112484,0.9483507407407403,0.0013165445585926578,0.9484462962962965,0.001347441053883244
0.05918030249247308,0.948410740740741,0.001326406337549247,0.948488518518519,0.001337042628489386
0.061698613236833566,0.9484444444444444,0.0013633202027801968,0.9485737037037034,0.001333606402078699
0.06421692398119416,0.9485370370370374,0.0013370821783699994,0.9487081481481485,0.001296036799423353
0.06673523472555476,0.9485962962962962,0.0013225064535252401,0.9487548148148147,0.0012628921452937727
0.06925354546991525,0.9487025925925928,0.0013006003151230627,0.9488359259259257,0.0012856590544890099
0.07177185621427584,0.9487462962962964,0.0012996931683907495,0.9489303703703704,0.0012560927508063514
0.07429016695863633,0.9488192592592596,0.0013147874801540426,0.9489762962962961,0.0012536587879694188
0.07680847770299692,0.948879259259259,0.001341425239633347,0.949060740740741,0.0012748815270813535
0.07932678844735752,0.9489614814814817,0.0013024280375003236,0.9491155555555556,0.0012471320185148556
0.08184509919171801,0.9491059259259259,0.0012910286622917057,0.9491770370370374,0.0012282341479070834
0.0843634099360786,0.9492044444444441,0.001277141870750737,0.9493077777777779,0.0011950727029901172
0.0868817206804392,0.9493229629629629,0.0012658442207558022,0.9493959259259263,0.0011559489477575013
0.08940003142479969,0.9494192592592591,0.0012502145769187774,0.9495181481481484,0.0011625340681174093
0.09191834216916028,0.9495333333333333,0.00125207975133524,0.9496233333333336,0.0011643304651595943
0.09443665291352077,0.9496099999999997,0.0012783230720530773,0.9497214814814815,0.0011461294080632627
0.09695496365788137,0.9497059259259263,0.001301998253187443,0.9497774074074075,0.0011550300918294464
0.09947327440224196,0.949792592592593,0.001263219263664575,0.9498925925925925,0.0011256249597750441
0.10199158514660245,0.9499303703703704,0.0012663902665727628,0.9499859259259262,0.0011250237613707739
0.10450989589096304,0.9500825925925928,0.0012557544363407855,0.9500540740740746,0.0011228664573014837
0.10702820663532364,0.9502485185185184,0.001252899463034398,0.950131481481481,0.0011589518584267874
0.10954651737968413,0.950372962962963,0.001278993570814106,0.9501788888888888,0.0011581535965002286
0.11206482812404472,0.9504903703703702,0.001285563184885118,0.9503140740740742,0.0011719665627238011
0.11458313886840532,0.9506081481481481,0.001235016980051322,0.9504488888888885,0.0011742841265539345
0.1171014496127658,0.9507014814814814,0.0012353128369820376,0.9505685185185189,0.0012177226377531796
0.1196197603571264,0.9508433333333334,0.0012217620345778475,0.9506440740740746,0.001195793323917381
0.12213807110148689,0.9510011111111112,0.0012428903987117572,0.9507559259259261,0.001176727286003058
0.12465638184584749,0.9511085185185186,0.0012550201524240102,0.950857037037037,0.0011909664551924591
0.12717469259020808,0.9512185185185184,0.0012822637304191467,0.9510155555555555,0.0011652605282791645
0.12969300333456857,0.9513744444444446,0.0012539916513790634,0.9511681481481484,0.0011352805832671813
0.13221131407892917,0.9515218518518519,0.0012291135128355063,0.9512996296296296,0.0011817385648548893
0.13472962482328976,0.9516725925925927,0.0012081367940061875,0.9514351851851848,0.0011497220395276344
0.13724793556765025,0.9518485185185186,0.001175744167930465,0.9515574074074075,0.0011734199018756976
0.13976624631201084,0.9519811111111112,0.0011931186440440108,0.951668518518518,0.0011247316399936242
0.14228455705637133,0.9521300000000003,0.0011640823228281538,0.9518137037037038,0.0011294803180010367
0.14480286780073193,0.9522855555555556,0.0011335626129733102,0.9518948148148145,0.0011279163692742525
0.14732117854509252,0.9524337037037036,0.0011583672464467402,0.9520111111111116,0.0010995846578381718
0.149839489289453,0.9526111111111114,0.0011359773080675763,0.952142222222222,0.001140140775366939
0.1523578000338136,0.9527911111111113,0.0011087174216127607,0.9522755555555554,0.001160266040160882
0.1548761107781742,0.9529792592592592,0.0011204670298065,0.9524114814814814,0.0011919913943586051
0.1573944215225347,0.9531670370370373,0.0011122937533268788,0.952551111111111,0.0011902194008762547
0.15991273226689529,0.9533344444444443,0.0010883609831437544,0.9527162962962963,0.001211908447469532
0.16243104301125577,0.953471111111111,0.0010906131472878115,0.9528096296296298,0.0012165143937632678
0.16494935375561637,0.953606666666667,0.0011433349530276826,0.9529344444444446,0.0012087791004067908
0.16746766449997696,0.9537729629629629,0.0011726923169498426,0.953088888888889,0.0012031748125811241
0.16998597524433745,0.9539477777777775,0.0011417124889425523,0.9532185185185188,0.0011946187067827666
0.17250428598869805,0.9540707407407406,0.0011272475795601159,0.9533540740740746,0.001216862772402339
0.17502259673305864,0.9542496296296297,0.0011188314499704984,0.9535411111111115,0.0012086933052568936
0.17754090747741913,0.9544048148148153,0.0010791693320271573,0.9537096296296294,0.0012140356579916254
0.18005921822177973,0.9546151851851851,0.0010930324914817714,0.9538337037037032,0.0011828454335271012
0.18257752896614032,0.9548148148148152,0.0010911101053526875,0.9539744444444446,0.0012181857589094887
0.1850958397105008,0.9549577777777785,0.001156322395130997,0.9541522222222225,0.0012564799939945818
0.1876141504548614,0.9551477777777778,0.0011680420464273604,0.9543529629629635,0.00125666513846497
0.1901324611992219,0.9553281481481481,0.0011420569607112022,0.9544859259259263,0.001296195551640753
0.1926507719435825,0.9554962962962968,0.0011231947869770537,0.9546666666666669,0.0012812127742258515
0.19516908268794309,0.9556822222222224,0.001125662493548894,0.9548744444444442,0.0012737719818430612
0.19768739343230357,0.955882222222222,0.0011315476127852506,0.9550448148148147,0.0012860808598420717
0.20020570417666417,0.9560822222222217,0.0011214430738567306,0.9552459259259257,0.00125093128545607
0.20272401492102476,0.9562818518518518,0.001135479026678796,0.9554174074074074,0.001255587293382323
0.20524232566538525,0.9564766666666661,0.0011405808570013885,0.9555751851851852,0.0012562983162981707
0.20776063640974585,0.9566359259259261,0.0010939590325434471,0.9557303703703707,0.0012491344602815313
0.21027894715410633,0.9568840740740738,0.00107072408611514,0.955916666666667,0.00123055994481284
0.21279725789846693,0.957088148148148,0.0011031639246815504,0.9560866666666666,0.0012536150195669939
0.21531556864282753,0.9572559259259257,0.0010835905993988799,0.9562692592592591,0.0012720473220657978
0.217833879387188,0.9574581481481484,0.0010588901843423502,0.9564848148148151,0.0012600133363110714
0.2203521901315486,0.9576414814814818,0.0010335998594282751,0.9566974074074073,0.001243354957390926
0.2228705008759092,0.957832222222222,0.0010773934022490937,0.9568914814814815,0.00126933015397119
0.2253888116202697,0.9580462962962966,0.0010545222362645596,0.9570755555555555,0.0012444821422861545
0.2279071223646303,0.9582781481481485,0.0010624937020712226,0.9572988888888898,0.0012314545249068635
0.23042543310899077,0.9584799999999998,0.0010742990824339931,0.9574811111111112,0.001204190727684772
0.23294374385335137,0.9586974074074076,0.0010783758681608,0.9576437037037039,0.0012222388326592953
0.23546205459771197,0.9589344444444445,0.001073869776228139,0.9579144444444444,0.0012677583015350763
0.23798036534207245,0.9591696296296299,0.0010374427777698294,0.9581348148148153,0.0013116092378703849
0.24049867608643305,0.9594229629629628,0.0010644148040925947,0.9583322222222221,0.0012940934192622233
0.24301698683079365,0.9596811111111112,0.0010474313083343504,0.9585818518518517,0.0012808095540924964
0.24553529757515413,0.9598892592592592,0.0010495128532233093,0.9587822222222221,0.0012843906178648487
0.24805360831951473,0.960077037037037,0.0010164771462023703,0.9589918518518519,0.0012757114801244245
0.2505719190638752,0.9602881481481483,0.0010353780380884287,0.9591822222222218,0.0012841599069690136
0.2530902298082358,0.9604777777777775,0.0010315635980346154,0.9593777777777782,0.001252345946761665
0.2556085405525964,0.9607337037037035,0.0010233145666567788,0.9595948148148147,0.0012349530016659504
0.2581268512969569,0.9609629629629626,0.0010249654549366284,0.9598100000000004,0.0012200632446671231
0.2606451620413175,0.9612151851851853,0.0010523009604601974,0.9600414814814819,0.001212387819538663
0.2631634727856781,0.9614725925925932,0.0010691126790188903,0.960291851851852,0.001239805949682023
0.2656817835300386,0.9617314814814814,0.0010739032431196912,0.9605229629629631,0.001266019761166982
0.26820009427439917,0.962058148148148,0.00108667076926187,0.96075037037037,0.001225734795439745
0.27071840501875977,0.962317407407408,0.0010968442699570969,0.9609992592592593,0.0012447418075056912
0.27323671576312025,0.9625585185185183,0.0010792465491511092,0.9612585185185188,0.0012130698850245068
0.27575502650748085,0.9628366666666663,0.0010726343479697277,0.9614933333333332,0.0012112456602121292
0.27827333725184134,0.9631322222222228,0.001084474612512977,0.9617659259259256,0.0012002672313330103
0.28079164799620193,0.9634237037037039,0.0010885174473549565,0.9620348148148149,0.0012095087372398527
0.28330995874056253,0.9637092592592597,0.001092895438254497,0.9623407407407407,0.0011770624429116045
0.285828269484923,0.9639992592592594,0.0010534479283395585,0.9625822222222221,0.001171747665921543
0.2883465802292836,0.9642733333333334,0.0010775051201505322,0.9628637037037034,0.0011630169838833463
0.2908648909736442,0.9645559259259255,0.0010449387456532338,0.9631529629629628,0.00114205678054388
0.2933832017180047,0.9648570370370371,0.0009987306072153544,0.9634840740740745,0.0010981266627090565
0.2959015124623653,0.9651829629629625,0.0009656219698990475,0.9638092592592596,0.0010947464645631566
0.2984198232067258,0.9654725925925928,0.0009839022557317442,0.9640859259259256,0.0010690826548532622
0.3009381339510864,0.9658351851851849,0.0009432588782436433,0.9644522222222223,0.0010769991460042243
0.30345644469544697,0.9661788888888889,0.00094749116416611,0.9648948148148151,0.0010516760416452618
0.30597475543980746,0.9665881481481481,0.0009451410648009668,0.9653425925925926,0.0010485266297421717
0.30849306618416805,0.9670744444444442,0.0009201992537851096,0.9658318518518519,0.0010519342690715903
0.31101137692852865,0.9675744444444441,0.0009340480068028272,0.9663400000000001,0.0010500699565173042
0.31352968767288913,0.9680885185185185,0.0009869289079818037,0.966863333333333,0.0010400504498684667
0.31604799841724973,0.9686033333333335,0.0009742746589699945,0.967416666666667,0.0010346616313355865
0.3185663091616102,0.9691625925925924,0.0009887743726174978,0.9679814814814814,0.001002060976325469
0.3210846199059708,0.9697466666666668,0.0009828504778085039,0.9685681481481483,0.001010181637635078
0.3236029306503314,0.9702974074074073,0.000982114470934624,0.9691411111111108,0.000987690284839048
0.3261212413946919,0.9709144444444446,0.0009705038782909574,0.9697181481481483,0.0009563583334727301
0.3286395521390525,0.9715096296296298,0.0009351073674994309,0.970335925925926,0.0009453228304512162
0.3311578628834131,0.9720796296296298,0.0009235825902957453,0.9709540740740743,0.0009251436695604857
0.3336761736277736,0.9726696296296293,0.0009049199465916134,0.9715674074074073,0.0009003014279560481
0.3361944843721342,0.9732818518518518,0.0008865686538853774,0.972182222222222,0.0008998929977544054
0.33871279511649477,0.9739007407407404,0.0008880131488540669,0.9727814814814815,0.0009008653057143307
0.34123110586085525,0.9745174074074069,0.0008680932386882421,0.9734018518518519,0.000891639648065707
0.34374941660521585,0.9751351851851857,0.0008516992616957687,0.974014814814815,0.0008533465148158877
0.34626772734957634,0.9757544444444448,0.0008463202849343479,0.9746177777777777,0.0008293415505130631
0.34878603809393693,0.9763744444444444,0.0008320887001625943,0.9752196296296298,0.000794501077149194
0.35130434883829753,0.9770414814814808,0.0008044829811382032,0.9758262962962962,0.000763269355954604
0.353822659582658,0.977665185185185,0.0007821134885145025,0.9764292592592595,0.0007353814459559428
0.3563409703270186,0.9782622222222221,0.0007880778303357267,0.9770433333333328,0.0007391929199062286
0.3588592810713792,0.978850740740741,0.0007690659362279138,0.977648888888889,0.0007480212580329076
0.3613775918157397,0.9794748148148148,0.0007551193366746982,0.9782581481481478,0.0007027030897705748
0.3638959025601003,0.9800959259259256,0.0007360191184073795,0.978844814814815,0.0006947627912293627
0.3664142133044608,0.9807203703703703,0.0007300548676225457,0.9794437037037043,0.0006736787607623747
0.3689325240488214,0.9813299999999999,0.0007021140915341769,0.9800325925925922,0.0006810300437124381
0.37145083479318197,0.9819470370370371,0.000720251918281894,0.9806603703703702,0.0006769921575205366
0.37396914553754246,0.982530740740741,0.0007062722130719035,0.9812507407407409,0.0006672817121740416
0.37648745628190294,0.9830844444444442,0.0006863969265233781,0.9818199999999998,0.0006675882518993842
0.37900576702626365,0.9836851851851856,0.000696164290087383,0.9824118518518515,0.0006742038947027653
0.38152407777062414,0.98429037037037,0.0006929137698555429,0.9829985185185186,0.0006835801019850618
0.3840423885149846,0.9848807407407408,0.000687973904503988,0.9835570370370367,0.0006562377701519006
0.38656069925934533,0.9854751851851854,0.0006886300788228317,0.9841244444444445,0.0006370805325375043
0.3890790100037058,0.9860207407407408,0.0006481803166620331,0.9846551851851851,0.0006380363608801721
0.3915973207480663,0.9865703703703707,0.0006429761903401286,0.9851807407407409,0.0006488351914193198
0.394115631492427,0.9871137037037035,0.0006387467367352926,0.9856922222222224,0.0006346195516280963
0.3966339422367875,0.9876507407407406,0.0006068991776209449,0.9862385185185185,0.0006165197244571468
0.399152252981148,0.9881685185185185,0.0006182284749086901,0.986785185185185,0.0005993846867776069
0.4016705637255087,0.9886888888888886,0.0006217259926016856,0.987287777777778,0.0005925139994178789
0.4041888744698692,0.9892151851851851,0.000613070819648083,0.9877762962962966,0.0005897110496548681
0.40670718521422966,0.9897122222222222,0.0006017761775787072,0.9882548148148149,0.0005661939446783247
0.40922549595859037,0.9902174074074073,0.0006166061587487211,0.9887766666666669,0.0005614454449493008
0.41174380670295085,0.9906948148148146,0.0005905827026500302,0.9892566666666667,0.0005517749138512519
0.41426211744731134,0.9911674074074077,0.0005849549476748859,0.9897496296296298,0.0005509194210633741
0.4167804281916718,0.9916474074074074,0.0005553994842504089,0.9902044444444443,0.0005549151864902666
0.41929873893603253,0.992102592592593,0.0005593035302565786,0.9906751851851852,0.0005414785681636207
0.421817049680393,0.9925577777777777,0.0005352696332194745,0.9911355555555554,0.0005319147801418312
0.4243353604247535,0.9929892592592591,0.000530078675217593,0.9915788888888887,0.0005332511510756076
0.4268536711691142,0.993416666666667,0.0005020759373975024,0.9919940740740744,0.0005282998068058074
0.4293719819134747,0.9938240740740741,0.00048125421986997793,0.9924296296296299,0.0004906645643182736
0.4318902926578352,0.9942337037037033,0.00045459232705077966,0.9928307407407407,0.0004741783739432835
0.4344086034021959,0.9946329629629629,0.00043445707411152585,0.9932503703703707,0.0004885666727172356
0.4369269141465564,0.9950351851851854,0.000436748963438342,0.9936214814814817,0.00047804414050833
0.43944522489091686,0.9954003703703705,0.000431720486976437,0.9940148148148145,0.0004534398325641806
0.44196353563527757,0.9957562962962965,0.0004314101037766807,0.9943925925925926,0.00043619504578780097
0.44448184637963806,0.9961162962962964,0.00038864260278863923,0.9947418518518523,0.0003998012194693299
0.44700015712399854,0.9964299999999997,0.0003744312559497436,0.9951048148148146,0.0003794915738133534
0.44951846786835925,0.9967744444444446,0.0003574964387287034,0.9954625925925923,0.0003693446908862679
0.45203677861271974,0.9970896296296294,0.00032217028104138134,0.9958151851851855,0.00037055717511260804
0.4545550893570802,0.997372962962963,0.00030448882257433786,0.9961451851851851,0.00035677952908359556
0.45707340010144093,0.9976514814814814,0.00029682106307374074,0.996468888888889,0.0003488535013900574
0.4595917108458014,0.9979214814814816,0.000290521502619371,0.9967777777777774,0.0003362098110362585
0.4621100215901619,0.9981925925925923,0.00025384829618493496,0.99707,0.00031999421291062336
0.4646283323345224,0.9984299999999997,0.00022591651467953006,0.9973677777777779,0.00029683307858662807
0.4671466430788831,0.9986681481481483,0.00021163158712586582,0.9976133333333334,0.0002733784967204659
0.4696649538232436,0.9988888888888885,0.00019154988390674007,0.9978762962962964,0.0002627604854279335
0.47218326456760407,0.9990959259259256,0.00017762686495854878,0.99813,0.0002523494539593343
0.4747015753119648,0.9992900000000002,0.00014693998102861838,0.9983588888888889,0.00024144881624105056
0.47721988605632526,0.999451481481481,0.0001234445055616803,0.9985692592592593,0.00021333494083758536
0.47973819680068575,0.9996000000000002,0.00011055415967852606,0.9987637037037033,0.00018938786671894684
0.48225650754504645,0.9997285185185192,9.075283366130943e-05,0.9989596296296295,0.00018529219130636492
0.48477481828940694,0.9998314814814809,6.428353688039952e-05,0.9991381481481479,0.00016596601698197965
0.4872931290337674,0.9999248148148139,4.702537038166868e-05,0.9993044444444444,0.00015130706249378068
0.48981143977812813,0.9999866666666664,1.8459164139815896e-05,0.9994429629629628,0.0001346458037052241
0.4923297505224886,1.0,0.0,0.9995814814814815,0.00011707453688967834
0.4948480612668491,1.0,0.0,0.9996962962962962,0.00010392832815786512
0.4973663720112098,1.0,0.0,0.9998092592592586,7.73045568710554e-05
0.4998846827555703,1.0,0.0,0.9998955555555548,5.648117789838861e-05
0.5024029934999308,1.0,0.0,0.9999614814814808,3.510517218095254e-05
0.5049213042442915,1.0,0.0,0.9999992592592593,4.9135182079333855e-06
0.507439614988652,1.0,0.0,1.0,0.0
0.5099579257330125,1.0,0.0,1.0,0.0
0.512476236477373,1.0,0.0,1.0,0.0
0.5149945472217337,1.0,0.0,1.0,0.0
0.5175128579660941,1.0,0.0,1.0,0.0
0.5200311687104546,1.0,0.0,1.0,0.0
0.5225494794548153,1.0,0.0,1.0,0.0
0.5250677901991758,1.0,0.0,1.0,0.0
0.5275861009435363,1.0,0.0,1.0,0.0
0.530104411687897,1.0,0.0,1.0,0.0
0.5326227224322575,1.0,0.0,1.0,0.0
0.535141033176618,1.0,0.0,1.0,0.0
0.5376593439209787,1.0,0.0,1.0,0.0
0.5401776546653392,1.0,0.0,1.0,0.0
0.5426959654096997,1.0,0.0,1.0,0.0
0.5452142761540604,1.0,0.0,1.0,0.0
0.5477325868984209,1.0,0.0,1.0,0.0
0.5502508976427813,1.0,0.0,1.0,0.0
0.5527692083871418,1.0,0.0,1.0,0.0
0.5552875191315025,1.0,0.0,1.0,0.0
0.557805829875863,1.0,0.0,1.0,0.0
0.5603241406202235,1.0,0.0,1.0,0.0
0.5628424513645842,1.0,0.0,1.0,0.0
0.5653607621089447,1.0,0.0,1.0,0.0
0.5678790728533052,1.0,0.0,1.0,0.0
0.5703973835976659,1.0,0.0,1.0,0.0
0.5729156943420264,1.0,0.0,1.0,0.0
0.5754340050863869,1.0,0.0,1.0,0.0
0.5779523158307476,1.0,0.0,1.0,0.0
0.5804706265751081,1.0,0.0,1.0,0.0
0.5829889373194685,1.0,0.0,1.0,0.0
0.5855072480638293,1.0,0.0,1.0,0.0
0.5880255588081897,1.0,0.0,1.0,0.0
0.5905438695525502,1.0,0.0,1.0,0.0
0.5930621802969109,1.0,0.0,1.0,0.0
0.5955804910412714,1.0,0.0,1.0,0.0
0.5980988017856319,1.0,0.0,1.0,0.0
0.6006171125299924,1.0,0.0,1.0,0.0
0.6031354232743531,1.0,0.0,1.0,0.0
0.6056537340187136,1.0,0.0,1.0,0.0
0.6081720447630741,1.0,0.0,1.0,0.0
0.6106903555074348,1.0,0.0,1.0,0.0
0.6132086662517953,1.0,0.0,1.0,0.0
0.6157269769961558,1.0,0.0,1.0,0.0
0.6182452877405165,1.0,0.0,1.0,0.0
0.6207635984848769,1.0,0.0,1.0,0.0
0.6232819092292374,1.0,0.0,1.0,0.0
0.6258002199735981,1.0,0.0,1.0,0.0
0.6283185307179586,1.0,0.0,1.0,0.0
